s_id,s_name,dept,batch,roll_no,email
B20CS1116,BEN GEORGE NETTO,CSE,20CS1,16,bengeorgenetto.b20cs1116@mbcet.ac.in
B20CS1147,NOEL JOHN ROBERT,CSE,20CS1,47,noeljohnrobert.b20cs1147@mbcet.ac.in
B20CS1148,NOEL VARUGHESE,CSE,20CS1,48,noelvarughese.b20cs1148@mbcet.ac.in
B20CS1154,ROHAAN RENU JOHN,CSE,20CS1,54,rohaanrenujohn.b20cs1154@mbcet.ac.in
B20CS1150,R SREELEKSHMI,CSE,20CS1,50,rsreelekshmi.b20cs1150@mbcet.ac.in
B20CS1158,SANIDH IDICULA VARGHESE,CSE,20CS1,58,sanidhidiculavarghese.b20cs1158@mbcet.ac.in
