s_id,s_name,dept,batch,roll_no,email
B20CS1101,A K BHARATH  ,CSE,cs1_2020,1,akbharath.b20cs1101@mbcet.ac.in
B20CS1102,ABHIJITH R EASWAR,CSE,cs1_2020,2,abhijithreaswar.b20cs1102@mbcet.ac.in
B20CS1103,ABRAHAM ANIYAN VARGHESE  ,CSE,cs1_2020,3,abrahamaniyanvarghese.b20cs1103@mbcet.ac.in
B20CS1104,ADITHYAN BABU  ,CSE,cs1_2020,4,adithyanbabu.b20cs1104@mbcet.ac.in
B20CS1105,AKHIL A,CSE,cs1_2020,5,akhila.b20cs1105@mbcet.ac.in
B20CS1106,ALEENA NAJEEM,CSE,cs1_2020,6,aleenanajeem.b20cs1106@mbcet.ac.in
B20CS1107,ALEX THOMAS  ,CSE,cs1_2020,7,alexthomas.b20cs1107@mbcet.ac.in
B20CS1108,ALLEN MANU PHILIP  ,CSE,cs1_2020,8,allenmanuphilip.b20cs1108@mbcet.ac.in
B20CS1109,ALOK S,CSE,cs1_2020,9,aloks.b20cs1109@mbcet.ac.in
B20CS1110,ANASWARA M B,CSE,cs1_2020,10,anaswaramb.b20cs1110@mbcet.ac.in
B20CS1111,ANSAR,CSE,cs1_2020,11,ansar.b20cs1111@mbcet.ac.in
B20CS1112,ARJUN H,CSE,cs1_2020,12,arjunh.b20cs1112@mbcet.ac.in
B20CS1113,ASHAMS S A,CSE,cs1_2020,13,ashamssa.b20cs1113@mbcet.ac.in
B20CS1114,BASIM RIYAS,CSE,cs1_2020,14,basimriyas.b20cs1114@mbcet.ac.in
B20CS1115,BEN BINU THOMAS  ,CSE,cs1_2020,15,benbinuthomas.b20cs1115@mbcet.ac.in
B20CS1116,BEN GEORGE NETTO  ,CSE,cs1_2020,16,bengeorgenetto.b20cs1116@mbcet.ac.in
B20CS1117,BHARATH SUNDARAM,CSE,cs1_2020,17,bharathsundaram.b20cs1117@mbcet.ac.in
B20CS1118,BIPIN S,CSE,cs1_2020,18,bipins.b20cs1118@mbcet.ac.in
B20CS1119,CHRISTA MARIA JOBY  ,CSE,cs1_2020,19,christamariajoby.b20cs1119@mbcet.ac.in
B20CS1120,DARYL JOHN  ,CSE,cs1_2020,20,daryljohn.b20cs1120@mbcet.ac.in
B20CS1121,DILSHAN DILEEP SHYNI  ,CSE,cs1_2020,21,dilshandileepshyni.b20cs1121@mbcet.ac.in
B20CS1122,EMY PIO  ,CSE,cs1_2020,22,emypio.b20cs1122@mbcet.ac.in
B20CS1123,FEBIN S,CSE,cs1_2020,23,febins.b20cs1123@mbcet.ac.in
B20CS1124,GAUTAM UTTAM  ,CSE,cs1_2020,24,gautamuttam.b20cs1124@mbcet.ac.in
B20CS1125,IRFAN SHAKIR,CSE,cs1_2020,25,irfanshakir.b20cs1125@mbcet.ac.in
B20CS1126,IVAN LOPEZ,CSE,cs1_2020,26,ivanlopez.b20cs1126@mbcet.ac.in
B20CS1127,JAYANTH J  ,CSE,cs1_2020,27,jayanthj.b20cs1127@mbcet.ac.in
B20CS1128,JENNIFER ROSHAN PALAMATTOM  ,CSE,cs1_2020,28,jenniferroshanpalamattom.b20cs1128@mbcet.ac.in
B20CS1129,JINS K VARGHESE,CSE,cs1_2020,29,jinskvarghese.b20cs1129@mbcet.ac.in
B20CS1130,JOBIN SOLY CLEETUS  ,CSE,cs1_2020,30,jobinsolycleetus.b20cs1130@mbcet.ac.in
B20CS1131,JOSH DANNY ALEX,CSE,cs1_2020,31,joshdannyalex.b20cs1131@mbcet.ac.in
B20CS1132,JOUSHA S JOHN,CSE,cs1_2020,32,joushasjohn.b20cs1132@mbcet.ac.in
B20CS1133,KRISHNA PRASAD  S R,CSE,cs1_2020,33,krishnaprasadsr.b20cs1133@mbcet.ac.in
B20CS1134,M KARTHIK NAIR  ,CSE,cs1_2020,34,mkarthiknair.b20cs1134@mbcet.ac.in
B20CS1135,MADHAV G S,CSE,cs1_2020,35,madhavgs.b20cs1135@mbcet.ac.in
B20CS1136,MADHAV SANTHOSH,CSE,cs1_2020,36,madhavsanthosh.b20cs1136@mbcet.ac.in
B20CS1137,MANAS CHADRAN ZACHARIAS,CSE,cs1_2020,37,manaschadranzacharias.b20cs1137@mbcet.ac.in
B20CS1138,MANIKANDAN B NAIR,CSE,cs1_2020,38,manikandanbnair.b20cs1138@mbcet.ac.in
B20CS1139,MEDLYN SAIRAH JACOB  ,CSE,cs1_2020,39,medlynsairahjacob.b20cs1139@mbcet.ac.in
B20CS1140,MEGHNA LEKSHMAN,CSE,cs1_2020,40,meghnalekshman.b20cs1140@mbcet.ac.in
B20CS1141,MIDHUN PADMANABHAN A,CSE,cs1_2020,41,midhunpadmanabhana.b20cs1141@mbcet.ac.in
B20CS1142,MUHAMMED MUBEEN A,CSE,cs1_2020,42,muhammedmubeena.b20cs1142@mbcet.ac.in
B20CS1143,NANDANA B NAIR  ,CSE,cs1_2020,43,nandanabnair.b20cs1143@mbcet.ac.in
B20CS1144,NANDANA G NAIR  ,CSE,cs1_2020,44,nandanagnair.b20cs1144@mbcet.ac.in
B20CS1145,NAOMI SUSAN MATHEW  ,CSE,cs1_2020,45,naomisusanmathew.b20cs1145@mbcet.ac.in
B20CS1146,NIKHIL GIREESH,CSE,cs1_2020,46,nikhilgireesh.b20cs1146@mbcet.ac.in
B20CS1147,NOEL JOHN ROBERT,CSE,cs1_2020,47,noeljohnrobert.b20cs1147@mbcet.ac.in
B20CS1148,NOEL VARUGHESE,CSE,cs1_2020,48,noelvarughese.b20cs1148@mbcet.ac.in
B20CS1149,NUBI FATHIMA N,CSE,cs1_2020,49,nubifathiman.b20cs1149@mbcet.ac.in
B20CS1150,R SREELEKSHMI,CSE,cs1_2020,50,rsreelekshmi.b20cs1150@mbcet.ac.in
B20CS1151,REUBEN ROY VARGIS  ,CSE,cs1_2020,51,reubenroyvargis.b20cs1151@mbcet.ac.in
B20CS1152,REUBEN VINOD VARGHESE  ,CSE,cs1_2020,52,reubenvinodvarghese.b20cs1152@mbcet.ac.in
B20CS1153,RIYA SUSAN ALEX  ,CSE,cs1_2020,53,riyasusanalex.b20cs1153@mbcet.ac.in
B20CS1154,ROHAAN RENU JOHN  ,CSE,cs1_2020,54,rohaanrenujohn.b20cs1154@mbcet.ac.in
B20CS1155,ROHAN THOMAS  K,CSE,cs1_2020,55,rohanthomask.b20cs1155@mbcet.ac.in
B20CS1156,ROHITH BABU EAPPEN,CSE,cs1_2020,56,rohithbabueappen.b20cs1156@mbcet.ac.in
B20CS1157,SANDEEP SEBASTIAN  ,CSE,cs1_2020,57,sandeepsebastian.b20cs1157@mbcet.ac.in
B20CS1158,SANIDH IDICULA VARGHESE,CSE,cs1_2020,58,sanidhidiculavarghese.b20cs1158@mbcet.ac.in
B20CS1159,SAURAV S,CSE,cs1_2020,59,sauravs.b20cs1159@mbcet.ac.in
B20CS1160,SREELEKSHMI S P,CSE,cs1_2020,60,sreelekshmisp.b20cs1160@mbcet.ac.in
B20CS1161,VINAYAK R K,CSE,cs1_2020,61,vinayakrk.b20cs1161@mbcet.ac.in
B20CS1162,YOOSUF MOHAMMED SHAHEED,CSE,cs1_2020,62,yoosufmohammedshaheed.b20cs1162@mbcet.ac.in
B20CS1163,BRYAN BISHI,CSE,cs1_2020,63,bryanbishi.b20cs1163@mbcet.ac.in
