s_id,s_name,dept,batch,roll_no,email
B22CS1101,A V ABHINAV,CSE,cs1_2022,1,avabhinav.b22cs1101@mbcet.ac.in
B22CS1102,AADIT RENJITH,CSE,cs1_2022,2,aaditrenjith.b22cs1102@mbcet.ac.in
B22CS1103,ABHIJITH ANIL,CSE,cs1_2022,3,abhijithanil.b22cs1103@mbcet.ac.in
B21CS1104,ABHINAV DEV V M,CSE,cs1_2022,64,abhinavdevvm.b21cs1104@mbcet.ac.in
B22CS1104,ADHARSH UDAYAKUMAR,CSE,cs1_2022,4,adharshudayakumar.b22cs1104@mbcet.ac.in
B22CS1105,ADITHYA RK,CSE,cs1_2022,5,adithyark.b22cs1105@mbcet.ac.in
B22CS1106,AKASH PHILIP VARGHESE,CSE,cs1_2022,6,akashphilipvarghese.b22cs1106@mbcet.ac.in
B22CS1107,AKHINESH S,CSE,cs1_2022,7,akhineshs.b22cs1107@mbcet.ac.in
B22CS1108,AKUL P A,CSE,cs1_2022,8,akulpa.b22cs1108@mbcet.ac.in
B22CS1109,AMAL SHEIK S,CSE,cs1_2022,9,amalsheiks.b22cs1109@mbcet.ac.in
B22CS1110,AMITH A R,CSE,cs1_2022,10,amithar.b22cs1110@mbcet.ac.in
B22CS1111,ANANYA D R,CSE,cs1_2022,11,ananyadr.b22cs1111@mbcet.ac.in
B22CS1112,ANCY SUNNY,CSE,cs1_2022,12,ancysunny.b22cs1112@mbcet.ac.in
B22CS1113,ARJUN PK,CSE,cs1_2022,13,arjunpk.b22cs1113@mbcet.ac.in
B22CS1114,ARON BINU MATHEW,CSE,cs1_2022,14,aronbinumathew.b22cs1114@mbcet.ac.in
B22CS1115,ARYA A R,CSE,cs1_2022,15,aryaar.b22cs1115@mbcet.ac.in
B22CS1116,BHARATH KRISHNA H,CSE,cs1_2022,16,bharathkrishnah.b22cs1116@mbcet.ac.in
B22CS1117,CHANDRASEKHAR S NAIR,CSE,cs1_2022,17,chandrasekharsnair.b22cs1117@mbcet.ac.in
B22CS1118,CHARIS CHRISTY,CSE,cs1_2022,18,charischristy.b22cs1118@mbcet.ac.in
B22CS1119,CHRISTIN SAM PHILIP,CSE,cs1_2022,19,christinsamphilip.b22cs1119@mbcet.ac.in
B22CS1120,DIA ELIZABETH,CSE,cs1_2022,20,diaelizabeth.b22cs1120@mbcet.ac.in
B22CS1121,EVANA ANNA LALU,CSE,cs1_2022,21,evanaannalalu.b22cs1121@mbcet.ac.in
B22CS1122,GAGAN G KURUP,CSE,cs1_2022,22,gagangkurup.b22cs1122@mbcet.ac.in
B22CS1123,GAUDHAMI SASI,CSE,cs1_2022,23,gaudhamisasi.b22cs1123@mbcet.ac.in
B22CS1124,GOVIND V S,CSE,cs1_2022,24,govindvs.b22cs1124@mbcet.ac.in
B22CS1125,HELEN SUSAN BEJOY,CSE,cs1_2022,25,helensusanbejoy.b22cs1125@mbcet.ac.in
B22CS1126,JITHU PRAKASH J U,CSE,cs1_2022,26,jithuprakashju.b22cs1126@mbcet.ac.in
B22CS1127,JOHANN LUKE JOHN,CSE,cs1_2022,27,johannlukejohn.b22cs1127@mbcet.ac.in
B22CS1128,KARTHIK RAJ,CSE,cs1_2022,28,karthikraj.b22cs1128@mbcet.ac.in
B22CS1129,KEVIN TOM VARGHESE,CSE,cs1_2022,29,kevintomvarghese.b22cs1129@mbcet.ac.in
B22CS1130,KIRAN BIJU,CSE,cs1_2022,30,kiranbiju.b22cs1130@mbcet.ac.in
B22CS1131,KRISHNA PRASANTH,CSE,cs1_2022,31,krishnaprasanth.b22cs1131@mbcet.ac.in
B22CS1132,LESLIE LEEMA VARGHESE,CSE,cs1_2022,32,leslieleemavarghese.b22cs1132@mbcet.ac.in
B22CS1133,M B SIVANANDANA,CSE,cs1_2022,33,mbsivanandana.b22cs1133@mbcet.ac.in
B22CS1134,MISHAL MOHAMMED KABEER,CSE,cs1_2022,34,mishalmohammedkabeer.b22cs1134@mbcet.ac.in
B22CS1135,MOHAMMED ANAS A R,CSE,cs1_2022,35,mohammedanasar.b22cs1135@mbcet.ac.in
B22CS1136,MUHAMMED NIHAL,CSE,cs1_2022,36,muhammednihal.b22cs1136@mbcet.ac.in
B22CS1137,NANDANA ANAND P,CSE,cs1_2022,37,nandanaanandp.b22cs1137@mbcet.ac.in
B22CS1138,NEHA PRASAD,CSE,cs1_2022,38,nehaprasad.b22cs1138@mbcet.ac.in
B22CS1139,NIKITHA M PILLAI,CSE,cs1_2022,39,nikithampillai.b22cs1139@mbcet.ac.in
B22CS1141,PAVITHRA M PANICKER,CSE,cs1_2022,41,pavithrampanicker.b22cs1141@mbcet.ac.in
B22CS1142,POORNIMA P,CSE,cs1_2022,42,poornimap.b22cs1142@mbcet.ac.in
B22CS1143,PRANAV SHANKAR H,CSE,cs1_2022,43,pranavshankarh.b22cs1143@mbcet.ac.in
B22CS1144,RIYA R GEORGE,CSE,cs1_2022,44,riyargeorge.b22cs1144@mbcet.ac.in
B22CS1145,ROHAN R BABU,CSE,cs1_2022,45,rohanrbabu.b22cs1145@mbcet.ac.in
B22CS1146,ROSHAN GEORGE JOSHI,CSE,cs1_2022,46,roshangeorgejoshi.b22cs1146@mbcet.ac.in
B22CS1147,ROSLINA MANUE,CSE,cs1_2022,47,roslinamanue.b22cs1147@mbcet.ac.in
B22CS1148,S BLESSY CATHERINE,CSE,cs1_2022,48,sblessycatherine.b22cs1148@mbcet.ac.in
B22CS1149,SAMEER SHA S,CSE,cs1_2022,49,sameershas.b22cs1149@mbcet.ac.in
B22CS1150,SANAL SAJAN E,CSE,cs1_2022,50,sanalsajane.b22cs1150@mbcet.ac.in
B22CS1151,SANDEEP S KURUP,CSE,cs1_2022,51,sandeepskurup.b22cs1151@mbcet.ac.in
B22CS1152,SANJANA D S,CSE,cs1_2022,52,sanjanads.b22cs1152@mbcet.ac.in
B22CS1153,SANJITH BRIJMOHAN,CSE,cs1_2022,53,sanjithbrijmohan.b22cs1153@mbcet.ac.in
B22CS1154,SHREYA SHELJI,CSE,cs1_2022,54,shreyashelji.b22cs1154@mbcet.ac.in
B22CS1155,SHWETHA KRISHNAN SURESH,CSE,cs1_2022,55,shwethakrishnansuresh.b22cs1155@mbcet.ac.in
B22CS1156,SIJO S,CSE,cs1_2022,56,sijos.b22cs1156@mbcet.ac.in
B22CS1157,STEVIN SANTHOSH BABY,CSE,cs1_2022,57,stevinsanthoshbaby.b22cs1157@mbcet.ac.in
B22CS1158,THRIAMBAK S,CSE,cs1_2022,58,thriambaks.b22cs1158@mbcet.ac.in
B22CS1159,TOBY MANPURAYIDATHIL MATHEW,CSE,cs1_2022,59,tobymanpurayidathilmathew.b22cs1159@mbcet.ac.in
B22CS1160,V A SNEHA,CSE,cs1_2022,60,vasneha.b22cs1160@mbcet.ac.in
B22CS1161,VARSHA BAIJU JOHN,CSE,cs1_2022,61,varshabaijujohn.b22cs1161@mbcet.ac.in
B22CS1162,VARSHA PILLASSERIL SUDEESH,CSE,cs1_2022,62,varshapillasserilsudeesh.b22cs1162@mbcet.ac.in
B22CS1163,VISHAL S,CSE,cs1_2022,63,vishals.b22cs1163@mbcet.ac.in
