s_id,s_name,dept,batch,roll_no,email
B22CS1201,AADI SHANKAR PILLAI,CSE,cs2_2022,1,aadishankarpillai.b22cs1201@mbcet.ac.in
B22CS1203,AASHISH S,CSE,cs2_2022,3,aashishs.b22cs1203@mbcet.ac.in
B22CS1204,ABHINAV K,CSE,cs2_2022,4,abhinavk.b22cs1204@mbcet.ac.in
B22CS1205,ADHITHYA SMITHA RAJ,CSE,cs2_2022,5,adhithyasmitharaj.b22cs1205@mbcet.ac.in
B22CS1206,ADVAIY PRAVEEN,CSE,cs2_2022,6,advaiypraveen.b22cs1206@mbcet.ac.in
B22CS1207,ADWAITH S JITH,CSE,cs2_2022,7,adwaithsjith.b22cs1207@mbcet.ac.in
B22CS1208,ALVIN P MATHEWS,CSE,cs2_2022,8,alvinpmathews.b22cs1208@mbcet.ac.in
B22CS1209,AMBU BHARATH V NAIR,CSE,cs2_2022,9,ambubharathvnair.b22cs1209@mbcet.ac.in
B22CS1210,AMEEN KHAN S R,CSE,cs2_2022,10,ameenkhansr.b22cs1210@mbcet.ac.in
B22CS1211,ANAND PILLAI,CSE,cs2_2022,11,anandpillai.b22cs1211@mbcet.ac.in
B22CS1212,ANANYA PRAMOD,CSE,cs2_2022,12,ananyapramod.b22cs1212@mbcet.ac.in
B22CS1213,AROMAL M,CSE,cs2_2022,13,aromalm.b22cs1213@mbcet.ac.in
B22CS1214,ASWIN MENON,CSE,cs2_2022,14,aswinmenon.b22cs1214@mbcet.ac.in
B22CS1215,BHADRA MANOSH,CSE,cs2_2022,15,bhadramanosh.b22cs1215@mbcet.ac.in
B22CS1216,BHAVANA S MOORTHY,CSE,cs2_2022,16,bhavanasmoorthy.b22cs1216@mbcet.ac.in
B22CS1217,CEWIN KCE,CSE,cs2_2022,17,cewinkce.b22cs1217@mbcet.ac.in
B22CS1218,DARSAN I S,CSE,cs2_2022,18,darsanis.b22cs1218@mbcet.ac.in
B22CS1219,DEEPTA S V,CSE,cs2_2022,19,deeptasv.b22cs1219@mbcet.ac.in
B22CS1220,EDWIN JOJIE VARGHESE,CSE,cs2_2022,20,edwinjojievarghese.b22cs1220@mbcet.ac.in
B22CS1221,FATHIMA GESNY,CSE,cs2_2022,21,fathimagesny.b22cs1221@mbcet.ac.in
B22CS1222,GAURI HARIDAS M,CSE,cs2_2022,22,gauriharidasm.b22cs1222@mbcet.ac.in
B22CS1223,GAYATHRI S M,CSE,cs2_2022,23,gayathrism.b22cs1223@mbcet.ac.in
B22CS1225,JOEL P JOSE,CSE,cs2_2022,25,joelpjose.b22cs1225@mbcet.ac.in
B22CS1226,JOEL PRASAD,CSE,cs2_2022,26,joelprasad.b22cs1226@mbcet.ac.in
B22CS1227,JOSHMA S,CSE,cs2_2022,27,joshmas.b22cs1227@mbcet.ac.in
B22CS1228,KASINADHAN B,CSE,cs2_2022,28,kasinadhanb.b22cs1228@mbcet.ac.in
B22CS1229,KEVIN ABEY ISSAC,CSE,cs2_2022,29,kevinabeyissac.b22cs1229@mbcet.ac.in
B22CS1230,KRISHNA PRASAD S M,CSE,cs2_2022,30,krishnaprasadsm.b22cs1230@mbcet.ac.in
B22CS1231,LEKSHMI R ANIL,CSE,cs2_2022,31,lekshmiranil.b22cs1231@mbcet.ac.in
B22CS1232,LITTY SARA JOHN,CSE,cs2_2022,32,littysarajohn.b22cs1232@mbcet.ac.in
B22CS1233,LIYA MARY KURIEN,CSE,cs2_2022,33,liyamarykurien.b22cs1233@mbcet.ac.in
B22CS1234,MEGHNA VINOD,CSE,cs2_2022,34,meghnavinod.b22cs1234@mbcet.ac.in
B22CS1236,NAMITHA S MENON,CSE,cs2_2022,36,namithasmenon.b22cs1236@mbcet.ac.in
B22CS1237,NANDANA D,CSE,cs2_2022,37,nandanad.b22cs1237@mbcet.ac.in
B22CS1267,NANDINI KRISHNA R S,CSE,cs2_2022,67,nandinikrishnars.b22cs1267@mbcet.ac.in
B22CS1238,NEVIN ANIL DAVIDSON,CSE,cs2_2022,38,nevinanildavidson.b22cs1238@mbcet.ac.in
B22CS1239,NEVIN GEORGE,CSE,cs2_2022,39,nevingeorge.b22cs1239@mbcet.ac.in
B22CS1265,NOBLE JOHN,CSE,cs2_2022,65,noblejohn.b22cs1265@mbcet.ac.in
B22CS1240,PARVATHY SALIN,CSE,cs2_2022,40,parvathysalin.b22cs1240@mbcet.ac.in
B22CS1241,PAURNAMI JAYAKUMAR,CSE,cs2_2022,41,paurnamijayakumar.b22cs1241@mbcet.ac.in
B22CS1242,RACHEL MARIAM ABRAHAM,CSE,cs2_2022,42,rachelmariamabraham.b22cs1242@mbcet.ac.in
B22CS1243,RISHON SIMON,CSE,cs2_2022,43,rishonsimon.b22cs1243@mbcet.ac.in
B22CS1244,RIYA MARIAM MATHEWS,CSE,cs2_2022,44,riyamariammathews.b22cs1244@mbcet.ac.in
B22CS1245,RIZWAN SHAJAHAN,CSE,cs2_2022,45,rizwanshajahan.b22cs1245@mbcet.ac.in
B22CS1246,ROHIT B NAIR,CSE,cs2_2022,46,rohitbnair.b22cs1246@mbcet.ac.in
B22CS1247,ROSHAN SAMUEL ANADIYIL,CSE,cs2_2022,47,roshansamuelanadiyil.b22cs1247@mbcet.ac.in
B22CS1248,S ABHIJITH,CSE,cs2_2022,48,sabhijith.b22cs1248@mbcet.ac.in
B22CS1249,S ABHILASH,CSE,cs2_2022,49,sabhilash.b22cs1249@mbcet.ac.in
B22CS1250,SALIN SHAIN,CSE,cs2_2022,50,salinshain.b22cs1250@mbcet.ac.in
B22CS1251,SHAHANA K P,CSE,cs2_2022,51,shahanakp.b22cs1251@mbcet.ac.in
B22CS1252,SHIV SANJAY,CSE,cs2_2022,52,shivsanjay.b22cs1252@mbcet.ac.in
B22CS1253,SIDDHARTH RAJESH,CSE,cs2_2022,53,siddharthrajesh.b22cs1253@mbcet.ac.in
B22CS1254,SIDHARTH NARAYAN THAMPY,CSE,cs2_2022,54,sidharthnarayanthampy.b22cs1254@mbcet.ac.in
B22CS1255,SRADDHA S,CSE,cs2_2022,55,sraddhas.b22cs1255@mbcet.ac.in
B22CS1257,STEVE VARKEY SANTHOSH,CSE,cs2_2022,57,stevevarkeysanthosh.b22cs1257@mbcet.ac.in
B22CS1258,SUDHIN SURESH,CSE,cs2_2022,58,sudhinsuresh.b22cs1258@mbcet.ac.in
B22CS1259,TANMAYA PRADEEP,CSE,cs2_2022,59,tanmayapradeep.b22cs1259@mbcet.ac.in
B22CS1260,TESSA MARIAM VARUGHESE,CSE,cs2_2022,60,tessamariamvarughese.b22cs1260@mbcet.ac.in
B22CS1262,VARUN S,CSE,cs2_2022,62,varuns.b22cs1262@mbcet.ac.in
B22CS1263,YEDUKRISHNAN SURESHKUMAR,CSE,cs2_2022,63,yedukrishnansureshkumar.b22cs1263@mbcet.ac.in
