s_id,s_name,dept,batch,roll_no,email
B22CS2101,AADITHYA SL,CSE,ct1_2022,1,aadithyasl.b22cs2101@mbcet.ac.in
B22CS2102,ABHAY D ANOOP,CSE,ct1_2022,2,abhaydanoop.b22cs2102@mbcet.ac.in
B22CS2103,ABHINAV C,CSE,ct1_2022,3,abhinavc.b22cs2103@mbcet.ac.in
B22CS2104,ABHINAV NEERAJ,CSE,ct1_2022,4,abhinavneeraj.b22cs2104@mbcet.ac.in
B22CS2105,ACHSA GRACIN,CSE,ct1_2022,5,achsagracin.b22cs2105@mbcet.ac.in
B22CS2106,ADISH U,CSE,ct1_2022,6,adishu.b22cs2106@mbcet.ac.in
B22CS2107,ADITYA B,CSE,ct1_2022,7,adityab.b22cs2107@mbcet.ac.in
B22CS2108,ADWAITHA RAJU,CSE,ct1_2022,8,adwaitharaju.b22cs2108@mbcet.ac.in
B22CS2109,AFRA HAKIM,CSE,ct1_2022,9,afrahakim.b22cs2109@mbcet.ac.in
B22CS2110,AFRINA FAROOK,CSE,ct1_2022,10,afrinafarook.b22cs2110@mbcet.ac.in
B22CS2111,AIVIN KOSHY,CSE,ct1_2022,11,aivinkoshy.b22cs2111@mbcet.ac.in
B22CS2112,AKASH A,CSE,ct1_2022,12,akasha.b22cs2112@mbcet.ac.in
B22CS2113,AKASH P R,CSE,ct1_2022,13,akashpr.b22cs2113@mbcet.ac.in
B22CS2114,AKASH PRASANTH,CSE,ct1_2022,14,akashprasanth.b22cs2114@mbcet.ac.in
B22CS2115,AMANDA SHEENA JAMES,CSE,ct1_2022,15,amandasheenajames.b22cs2115@mbcet.ac.in
B22CS2116,AMRITHA MANOJ,CSE,ct1_2022,16,amrithamanoj.b22cs2116@mbcet.ac.in
B22CS2117,ANANDADEV A,CSE,ct1_2022,17,anandadeva.b22cs2117@mbcet.ac.in
B22CS2118,ANANTHAKRISHNAN S,CSE,ct1_2022,18,ananthakrishnans.b22cs2118@mbcet.ac.in
B22CS2119,APARNA G RAJ,CSE,ct1_2022,19,aparnagraj.b22cs2119@mbcet.ac.in
B22CS2120,ARAVIND BIJU,CSE,ct1_2022,20,aravindbiju.b22cs2120@mbcet.ac.in
B22CS2121,ARJUN P,CSE,ct1_2022,21,arjunp.b22cs2121@mbcet.ac.in
B22CS2122,ASHVIN P KUMAR,CSE,ct1_2022,22,ashvinpkumar.b22cs2122@mbcet.ac.in
B22CS2123,ATHUL KRISHNA S,CSE,ct1_2022,23,athulkrishnas.b22cs2123@mbcet.ac.in
B22CS2124,AYNAMFATHIMA,CSE,ct1_2022,24,aynamfathima.b22cs2124@mbcet.ac.in
B22CS2125,BHAGYA S,CSE,ct1_2022,25,bhagyas.b22cs2125@mbcet.ac.in
B22CS2161,DILIN D S,CSE,ct1_2022,61,dilinds.b22cs2161@mbcet.ac.in
B22CS2126,DIRSA DEEPU,CSE,ct1_2022,26,dirsadeepu.b22cs2126@mbcet.ac.in
B22CS2127,FARIS S,CSE,ct1_2022,27,fariss.b22cs2127@mbcet.ac.in
B22CS2128,FATHIMA S,CSE,ct1_2022,28,fathimas.b22cs2128@mbcet.ac.in
B22CS2130,HARISANKAR S,CSE,ct1_2022,30,harisankars.b22cs2130@mbcet.ac.in
B22CS2131,HARRY JOSEPH KIZHAKETHIL,CSE,ct1_2022,31,harryjosephkizhakethil.b22cs2131@mbcet.ac.in
B22CS2132,JENNA SHEIK,CSE,ct1_2022,32,jennasheik.b22cs2132@mbcet.ac.in
B22CS2133,JESSICA MARIAMMA JACOB,CSE,ct1_2022,33,jessicamariammajacob.b22cs2133@mbcet.ac.in
B22CS2135,JOSHUA CYRUS ALEX,CSE,ct1_2022,35,joshuacyrusalex.b22cs2135@mbcet.ac.in
B22CS2136,JUHI ELIZABETH JOHN,CSE,ct1_2022,36,juhielizabethjohn.b22cs2136@mbcet.ac.in
B22CS2137,JYOTHSNA P NAIR,CSE,ct1_2022,37,jyothsnapnair.b22cs2137@mbcet.ac.in
B22CS2138,KURIAN K NITHIN,CSE,ct1_2022,38,kurianknithin.b22cs2138@mbcet.ac.in
B22CS2139,LOHITH SANKAR S,CSE,ct1_2022,39,lohithsankars.b22cs2139@mbcet.ac.in
B22CS2140,MEGHA MARIAM AJI,CSE,ct1_2022,40,meghamariamaji.b22cs2140@mbcet.ac.in
B22CS2141,NAJWA SHEZAN S,CSE,ct1_2022,41,najwashezans.b22cs2141@mbcet.ac.in
B22CS2142,NANDAKISHORE NAIR,CSE,ct1_2022,42,nandakishorenair.b22cs2142@mbcet.ac.in
B22CS2143,NAVNEETH ARUN,CSE,ct1_2022,43,navneetharun.b22cs2143@mbcet.ac.in
B22CS2144,PAVITHRA RAJEEV,CSE,ct1_2022,44,pavithrarajeev.b22cs2144@mbcet.ac.in
B22CS2145,PRANAV PRINCE,CSE,ct1_2022,45,pranavprince.b22cs2145@mbcet.ac.in
B22CS2146,R HANDAL GEOFFREY,CSE,ct1_2022,46,rhandalgeoffrey.b22cs2146@mbcet.ac.in
B22CS2147,RAVIKIRAN NAIR,CSE,ct1_2022,47,ravikirannair.b22cs2147@mbcet.ac.in
B22CS2148,RISHIKESH RAJEEV,CSE,ct1_2022,48,rishikeshrajeev.b22cs2148@mbcet.ac.in
B22CS2149,SAI MAANAS A D,CSE,ct1_2022,49,saimaanasad.b22cs2149@mbcet.ac.in
B22CS2150,SAMSHEER S,CSE,ct1_2022,50,samsheers.b22cs2150@mbcet.ac.in
B22CS2151,SHARON PRAMOD,CSE,ct1_2022,51,sharonpramod.b22cs2151@mbcet.ac.in
B22CS2152,SHEETAL SANJAY,CSE,ct1_2022,52,sheetalsanjay.b22cs2152@mbcet.ac.in
B22CS2153,SIDHARTH NAIR,CSE,ct1_2022,53,sidharthnair.b22cs2153@mbcet.ac.in
B22CS2154,SONA S,CSE,ct1_2022,54,sonas.b22cs2154@mbcet.ac.in
B22CS2155,SRAYA SANJAY,CSE,ct1_2022,55,srayasanjay.b22cs2155@mbcet.ac.in
B22CS2156,SREELEKSHMI A S,CSE,ct1_2022,56,sreelekshmias.b22cs2156@mbcet.ac.in
B22CS2157,SRUTHIN L J,CSE,ct1_2022,57,sruthinlj.b22cs2157@mbcet.ac.in
B22CS2158,THEJUS PRADEEP,CSE,ct1_2022,58,thejuspradeep.b22cs2158@mbcet.ac.in
B22CS2159,VISHNU U,CSE,ct1_2022,59,vishnuu.b22cs2159@mbcet.ac.in
B22CS2160,VYSHNAV TR,CSE,ct1_2022,60,vyshnavtr.b22cs2160@mbcet.ac.in
