tid,name,email
t_1,Joly N,joly.n@mbcet.ac.in
t_2,Nisha T S,nisha.ts@mbcet.ac.in
t_3,Kuriakose V K,kuriakose.vk@mbcet.ac.in
t_4,Amala Asokan L,amala.l@mbcet.ac.in
t_5,Ligi S B Kumar,ligi.kumar@mbcet.ac.in
t_6,Mohanadas M. P.,mohanadas.mp@mbcet.ac.in
t_7,Bindu R.,bindu.r@mbcet.ac.in
t_8,Silja S.,silja.s@mbcet.ac.in
t_9,Shijin Kumar R V,shijinkumar.rv@mbcet.ac.in
t_10,Sabu B S,sabu.bs@mbcet.ac.in
t_11,Reshma R,reshma.r@mbcet.ac.in
t_12,Reshma S Lukose,
t_13,Abhijith,abhijith.sl@mbcet.ac.in
t_14,Shimamol C,shimamol.c@mbcet.ac.in
t_15,Praveen R,praveen.r@mbcet.ac.in
t_16,Aravind M S,aravind.ms@mbcet.ac.in
t_17,Balamurali D,
t_18,Shijin Kumar,shijinkumar.s@mbcet.ac.in
t_19,Krishnankutty G,krishnankutty.g@mbcet.ac.in
t_20,Shaji P,shaji.p@mbcet.ac.in
t_21,Anil Kumar R S,anilkumar.rs@mbcet.ac.in
t_22,Prasanth S S,prasanth.ss@mbcet.ac.in
t_23,Biju K .,biju.k@mbcet.ac.in
t_24,Aneesh Rajan A T,aneesh.at@mbcet.ac.in
t_25,Biju Androose,biju.androose@mbcet.ac.in
t_26,Shaji D,shaji.d@mbcet.ac.in
t_27,Aneesh S C,aneesh.sc@mbcet.ac.in
t_28,Sukumaran Asari G,sukumaran.g@mbcet.ac.in
t_29,Sijo Thomas,sijo.thomas@mbcet.ac.in
t_30,Naicy M John,naicy.john@mbcet.ac.in
t_31,Akhil Sudeesh B.,akhil.sudeesh@mbcet.ac.in
t_32,Nobert A Varghese,nobert.varghese@mbcet.ac.in
t_33,Hanna Varghese,hanna.varghese@mbcet.ac.in
t_34,Dhaneesh Raj D.,dhaneesh.d@mbcet.ac.in
t_35,Swapna Lekha U.,swapna.lekha@mbcet.ac.in
t_36,Sarika U. S.,sarika.us@mbcet.ac.in
t_37,Anil Kumar B. S.,anilkumar.bs@mbcet.ac.in
t_38,Rajendran H.,rajendran.h@mbcet.ac.in
t_39,Manju Suresh,manju.suresh@mbcet.ac.in
t_40,Ramachandran K,ramachandran.k@mbcet.ac.in
t_41,Shinin C S,shinin.cs@mbcet.ac.in
t_42,Ajith Kumar S M,ajithkumar.sm@mbcet.ac.in
t_43,Arun N.,arun.n@mbcet.ac.in
t_44,Anand B. H.,anand.bh@mbcet.ac.in
t_45,Midhun Gopal V.,midhun.v@mbcet.ac.in
t_46,Vishnu Chandran C. L.,vishnu.cl@mbcet.ac.in
t_47,Suchithra M. S.,suchithra.ms@mbcet.ac.in
t_48,Sajan S. S.,sajan.ss@mbcet.ac.in
t_49,Ratheesh Kumar V. S.,ratheeshkumar.vs@mbcet.ac.in
t_50,Ramachandran V,ramachandran.v@mbcet.ac.in
t_51,Senthil Kumar E.,senthilkumar.e@mbcet.ac.in
t_52,Smiji R. S.,smiji.rs@mbcet.ac.in
t_53,Shabina N.,shabina.n@mbcet.ac.in
t_54,Rajeevmon S.,rajeevmon.s@mbcet.ac.in
t_55,Prabha S.,prabha.s@mbcet.ac.in
t_56,Vichithra V. R.,vichithra.vr@mbcet.ac.in
t_57,Rejani L.,rejani.l@mbcet.ac.in
t_58,Priya G,priya.g@mbcet.ac.in
t_59,Linumole K C,linumole.kc@mbcet.ac.in
t_60,Anjitha Rajan,anjitha.rajan@mbcet.ac.in
t_61,Sarath Kumar S,sarath.s@mbcet.ac.in
t_62,Anand M. C.,anand.mc@mbcet.ac.in
t_63,Vidyamol S.,vidyamol.s@mbcet.ac.in
t_64,Renchu Mohan R.,renchu.r@mbcet.ac.in
t_65,Arun J,arun.j@mbcet.ac.in
t_66,Vijin V J,vijin.vj@mbcet.ac.in
t_67,Dhanalekshmi M C,dhanalekshmi.mc@mbcet.ac.in
t_68,Johnson George,johnson.george@mbcet.ac.in
t_69,Edwin Roy E J,edwin.ej@mbcet.ac.in
t_70,Deepak Raj,deepak.raj@mbcet.ac.in
t_71,Christi Francis,christi.francis@mbcet.ac.in
t_72,Shobha Theresa George,shobha.george@mbcet.ac.in
t_73,Devika S Mohan,devika.mohan@mbcet.ac.in
t_74,Ammu Maria Ashok,ammu.ashok@mbcet.ac.in
t_75,Aleesha P J,aleesha.pj@mbcet.ac.in
t_76,Renjini M Nair,renjini.m@mbcet.ac.in
t_77,Syama S Mohan,
t_78,Roshna Rachel Philip,roshna.philip@mbcet.ac.in
t_79,Soji Merin Mathew,soji.mathew@mbcet.ac.in
t_80,Anaswara Johny,anaswara.johny@mbcet.ac.in
t_81,Anish M S,anish.ms@mbcet.ac.in
t_82,Suvith V. S.,suvith.vs@mbcet.ac.in
t_83,Deleesa Babu,deleesa.babu@mbcet.ac.in
t_84,Vinu V,vinu.varghese@mbcet.ac.in
t_85,Vidya Vilas,vidya.vilas@mbcet.ac.in
t_86,Salini K S,salini.ks@mbcet.ac.in
t_87,Sruthi Janardhanan,sruthi.janardhanan@mbcet.ac.in
t_88,Veena Nair,veena.nair@mbcet.ac.in
t_89,Krishna Mohan G P,krishna.mohan@mbcet.ac.in
t_90,Joseph Cheriyan,joseph.cheriyan@mbcet.ac.in
t_91,Archana P Das,archana.das@mbcet.ac.in
t_92,Uma M,uma.m@mbcet.ac.in
t_93,Jisha J J,jisha.jj@mbcet.ac.in
t_94,Lakshmi J S,lakshmi.js@mbcet.ac.in
t_95,Lekshmi I,lekshmi.i@mbcet.ac.in
t_96,Y Mathew,mathew.y@mbcet.ac.in
t_97,George Zachariah,george.zachariah@mbcet.ac.in
t_98,Sabitha S Nair,sabitha.s@mbcet.ac.in
t_99,Bipin Sankar,bipin.sankar@mbcet.ac.in
t_100,Mobin M Mathew,mobin.mathew@mbcet.ac.in
t_101,Prasanth P S,prasanth.ps@mbcet.ac.in
t_102,Abhiram R,abhiram.r@mbcet.ac.in
t_103,Akhil Chandran B S,akhilchandran.bs@mbcet.ac.in
t_104,Alen K Johnson,alen.johnson@mbcet.ac.in
t_105,Vaisakh S Nair,vaisakh.s@mbcet.ac.in
t_106,Melvin Jacob,melvin.jacob@mbcet.ac.in
t_107,Emmanuel Ruben Gilbert,emmanuel.gilbert@mbcet.ac.in
t_108,Bobin Saji George,bobin.george@mbcet.ac.in
t_109,Muraleedharan Nair K,muraleedharan.nair@mbcet.ac.in
t_110,Deepak B S,deepak.bs@mbcet.ac.in
t_111,Raveesh G,raveesh.g@mbcet.ac.in
t_112,Vishnu Prasad K R,vishnuprasad.kr@mbcet.ac.in
t_113,Vinod V.,vinod.v@mbcet.ac.in
t_114,Ruby Maria Syriac,rubymaria.syriac@mbcet.ac.in
t_115,Ajeesh M V,ajeesh.mv@mbcet.ac.in
t_116,Deepak B,deepak.b@mbcet.ac.in
t_117,Roshan George Koshy,roshan.koshy@mbcet.ac.in
t_118,Deepak G Dilip,deepak.dilip@mbcet.ac.in
t_119,Hari Venkit,hari.venkit@mbcet.ac.in
t_120,Arvind P ,arvind.p@mbcet.ac.in
t_121,Ayswer A S,ayswer.as@mbcet.ac.in
t_122,Premchand V P,premchand.vp@mbcet.ac.in
t_123,Rajesh T N,rajesh.tn@mbcet.ac.in
t_124,Nidhi M B,nidhi.mb@mbcet.ac.in
t_125,Vinod Vijayakumar,vinodv@mbcet.ac.in
t_126,Remil George Thomas,remil.thomas@mbcet.ac.in
t_127,Pradeep M,pradeep.m@mbcet.ac.in
t_128,Gayathri K S,gayathri.k@mbcet.ac.in
t_129,Shon J Das,shon.das@mbcet.ac.in
t_130,Jisha John,jisha.john@mbcet.ac.in
t_131,Poorna B R,poorna.br@mbcet.ac.in
t_132,Divya R S,divya.rs@mbcet.ac.in
t_133,Devi Priya V S,devipriya.vs@mbcet.ac.in
t_134,Elizabeth B Varghese,elizabeth.b@mbcet.ac.in
t_135,Asha S,asha.s@mbcet.ac.in
t_136,Gouri Nandhana,gouri.nandhana@mbcet.ac.in
t_137,Nikhila P,nikhila.p@mbcet.ac.in
t_138,Sreekumar M G,sreekumar.mg@mbcet.ac.in
t_139,Merin Philip,merin.philip@mbcet.ac.in
t_140,Vineetha Mathai,vineetha.mathai@mbcet.ac.in
t_141,Shilpa A. S.,shilpa.as@mbcet.ac.in
t_142,Emy Mariam George,emy.george@mbcet.ac.in
t_143,Liya Johnson,liya.johnson@mbcet.ac.in
t_144,Saumya Thomas,saumya.thomas@mbcet.ac.in
t_145,Jijo Jose,jijo.jose@mbcet.ac.in
t_146,Salga Ann Jacob,salga.jacob@mbcet.ac.in
t_147,Jithin M George,jithin.george@mbcet.ac.in
t_148,Arun J. S.,arun.js@mbcet.ac.in
t_149,Amritha B J,amritha.bj@mbcet.ac.in
t_150,Ancy Joy,ancy.joy@mbcet.ac.in
t_151,Jayakumari J,jayakumari.j@mbcet.ac.in
t_152,Roselin Raju,roselin.raju@mbcet.ac.in
t_153,Sherry Varghese George,sherry.george@mbcet.ac.in
t_154,Anu Susan Philip,anu.philip@mbcet.ac.in
t_155,Shiras S N,shiras.sn@mbcet.ac.in
t_156,Lakshmy S,lakshmy.s@mbcet.ac.in
t_157,Hema P P,pp.hema@mbcet.ac.in
t_158,Riya John,riya.john@mbcet.ac.in
t_159,Remya Annie Eapen,remya.eapen@mbcet.ac.in
t_160,Athira V,athira.v@mbcet.ac.in
t_161,Paul Thomas,paul.thomas@mbcet.ac.in
t_162,Ann Mary Alex,ann.alex@mbcet.ac.in
t_163,Anoop K Johnson,anoop.johnson@mbcet.ac.in
t_164,Lani Rachel Mathew,lani.mathew@mbcet.ac.in
t_165,Deepa P L,deepa.pl@mbcet.ac.in
t_166,Jinu Baby,jinu.baby@mbcet.ac.in
t_167,Niyas K Haneefa,niyas.haneefa@mbcet.ac.in
t_168,Sreedevi Prasanna,sreedevi.p@mbcet.ac.in
t_169,Viswanatha Rao S.,sv.rao@mbcet.ac.in
t_170,Teena Rajan,teena.rajan@mbcet.ac.in
t_171,Swapna P S,swapna.ps@mbcet.ac.in
t_172,Ancy S Anselam,ancy.anselam@mbcet.ac.in
t_173,Luxy Mathews,luxy.mathews@mbcet.ac.in
t_174,M J Jayashree,jayashree.mj@mbcet.ac.in
t_175,Neetha Chandran,neetha.chandran@mbcet.ac.in
t_176,Ayush Vijayan,ayush.vijayan@mbcet.ac.in
t_177,Rose Raphy Pallikunnan,rose.pallikunnan@mbcet.ac.in
t_178,Ponnambili Tomy,ponnambili.tomy@mbcet.ac.in
t_179,Anil J,anil.j@mbcet.ac.in
t_180,Dishore S V,dishore.sv@mbcet.ac.in
t_181,Vrinda Prasad,vrinda.prasad@mbcet.ac.in
t_182,Sheryl Arulini,sheryl.arulini@mbcet.ac.in
t_183,Revathy K P,revathy.kp@mbcet.ac.in
t_184,Ajish Ashok,ajish.ashok@mbcet.ac.in
t_185,Anila A. V.,anila.av@mbcet.ac.in
t_186,Shilpa Susan Peter,shilpa.peter@mbcet.ac.in
t_187,Shilpa George,shilpa.george@mbcet.ac.in
t_188,Jeneena Babu,jeneena.babu@mbcet.ac.in
t_189,Anu Gopinath,anu.gopinath@mbcet.ac.in
t_190,Shalu George K.,shalu.george@mbcet.ac.in
t_191,Archana A. N.,archana.an@mbcet.ac.in
t_192,Aswin R. B.,aswin.rb@mbcet.ac.in
t_193,Vandana P.,vandana.p@mbcet.ac.in
t_194,Surasmi N. L.,surasmi.nl@mbcet.ac.in
t_195,Manju Ann Mathews,manju.mathews@mbcet.ac.in
t_196,Manju Sreekumar,manju.sreekumar@mbcet.ac.in
t_197,Charivil Sojy Rajan,sojy.rajan@mbcet.ac.in
t_198,Shyju Susan Mathew,shyju.mathew@mbcet.ac.in
t_199,Soumya A. V.,soumya.av@mbcet.ac.in
t_200,Jomole Joseph Peedikayil,jomole.joseph@mbcet.ac.in
t_201,Sandhya P.,sandhya.p@mbcet.ac.in
t_202,Rejish Babu F. R.,rejishbabu.fr@mbcet.ac.in
t_203,Sheenu P.,sheenu.p@mbcet.ac.in
t_204,Nisha G. K.,nisha.gk@mbcet.ac.in
t_205,Praveen Raj R. S.,praveenraj.rs@mbcet.ac.in
t_206,Elizabeth Varghese,elizabeth.varghese@mbcet.ac.in
t_207,Gauri Shree V K,gaurishree.vk@mbcet.ac.in
t_208,Vishagini V,vishagini.v@mbcet.ac.in
t_209,Lino Zachariah,lino.zachariah@mbcet.ac.in
t_210,Arun K,arun.k@mbcet.ac.in
t_211,Deepthi K Moorthy,deepthi.moorthy@mbcet.ac.in
t_212,Sreeja S. R.,sreeja.sr@mbcet.ac.in
t_213,Varsha Prakash,varsha.prakash@mbcet.ac.in
t_214,Nileena Ouseph,nileena.ouseph@mbcet.ac.in
t_215,Vijitha Robinson,vijitha.robinson@mbcet.ac.in
t_216,Prathibha S Nair,prathibha.s@mbcet.ac.in
t_217,Indu V.,indu.v@mbcet.ac.in
t_218,Praveen J.S.,praveen.js@mbcet.ac.in
t_219,Anjali S,anjali.s@mbcet.ac.in
t_220,Dhanya Lk,dhanya.lk@mbcet.ac.in
t_221,Vinny Pious,vinny.pious@mbcet.ac.in
t_222,Jesna Mohan,jesna.mohan@mbcet.ac.in
t_223,Ramjith R P,ramjith.rp@mbcet.ac.in
t_224,Jayalekshmi J,jayalekshmi.j@mbcet.ac.in
t_225,Kiran Baby,kiran.baby@mbcet.ac.in
t_226,Shini Renjith,shini.renjith@mbcet.ac.in
t_227,Jisha Jose,jisha.jose@mbcet.ac.in
t_228,Binu Jose A,binu.jose@mbcet.ac.in
t_229,Raju K Gopal,raju.gopal@mbcet.ac.in
t_230,Anjali C,anjali.c@mbcet.ac.in
t_231,Robin Joseph,robin.joseph@mbcet.ac.in
t_232,Anne Dickson,anne.dickson@mbcet.ac.in
t_233,Tessy Mathew,tessy.mathew@mbcet.ac.in
t_234,Shibu V S,shibu.vs@mbcet.ac.in
t_235,Praveen G L,praveen.gl@mbcet.ac.in
t_236,Jomy James,jomy.james@mbcet.ac.in
t_237,Divyaprasad S P,divyaprasad.sp@mbcet.ac.in
t_238,Rakhi J H,rakhi.jh@mbcet.ac.in
t_239,Indhu Luke,indhu.luke@mbcet.ac.in
t_240,Govind U P,govind.up@mbcet.ac.in
t_241,Sreeju Nair S B,sreeju.sb@mbcet.ac.in
t_242,Amal Raj,amal.raj@mbcet.ac.in
t_243,Nitin S,nitin.s@mbcet.ac.in
t_244,Radhika P,radhika.p@mbcet.ac.in
t_245,Lekshmisree A S,lekshmisree.as@mbcet.ac.in
t_246,Minu Ann Peter,minu.peter@mbcet.ac.in
t_247,Diana Alice Sugunan,diana.sugunan@mbcet.ac.in
t_248,Praveen P. S.,praveen.ps@mbcet.ac.in
t_249,Alice Thomas,alice.thomas@mbcet.ac.in
t_250,Archana J. Satheesh,archana.satheesh@mbcet.ac.in
t_251,Ansu Mathew,ansu.mathew@mbcet.ac.in
t_252,Elizabeth C Kuruvilla,eckuruvilla@mbcet.ac.in
t_253,Nandana Ramesh,nandana.ramesh@mbcet.ac.in
t_254,Sangeetha Sajeev,sangeetha.sajeev@mbcet.ac.in
t_255,Joju M R,joju.mr@mbcet.ac.in
t_256,Sijo M Saji,sijo.saji@mbcet.ac.in
t_257,Panchami Lal,panchami.lal@mbcet.ac.in
t_258,Anupama Krishna D,anupama.d@mbcet.ac.in
t_259,Akhila A M,akhila.am@mbcet.ac.in
t_260,Smrithi Cheriyath,smrithi.cheriyath@mbcet.ac.in
t_261,Nimisha Anna Jacob,nimisha.jacob@mbcet.ac.in
t_262,Rintu Johnson,rintu.johnson@mbcet.ac.in
t_263,Jisha S V,jisha.sv@mbcet.ac.in
t_264,M Satyakumar,satya.kumar@mbcet.ac.in
t_265,Anita A,anita.a@mbcet.ac.in
t_266,Jaya S Pillai,jaya.pillai@mbcet.ac.in
t_267,Akhil Raj S R,akhil.raj@mbcet.ac.in
t_268,Sherin Mathew,sherin.mathew@mbcet.ac.in
t_269,Jean Molly Simon,jeanmolly.simon@mbcet.ac.in
t_270,Anupama Krishnan,anupama.krishnan@mbcet.ac.in
t_271,Lekshmi Chandran M,lekshmi.chandran@mbcet.ac.in
t_272,Bindu Biju,bindu.biju@mbcet.ac.in
t_273,Tisny D B,tisny.db@mbcet.ac.in
t_274,Ann George,ann.george@mbcet.ac.in
t_275,Jayasree S,jayasree.s@mbcet.ac.in
t_276,Neethu Roy,neethu.roy@mbcet.ac.in
